,y
6745,0
465,0
43776,0
36723,0
37343,0
22966,0
5063,0
32509,0
10302,0
1345,0
30472,0
39370,0
34514,0
16979,0
17635,0
36428,0
20077,0
9392,0
42005,0
22937,0
10130,0
14551,0
28280,0
12498,0
4728,0
15132,0
25070,0
24053,0
8320,0
261,0
38567,0
36611,0
24250,0
17035,0
30831,0
9074,0
12924,0
11933,0
44974,0
19596,0
7963,0
21409,0
41136,0
43592,0
7521,0
18996,0
1996,0
30652,0
36194,0
28608,0
19498,0
13786,0
225,0
20112,0
33014,0
43545,0
12904,0
23037,0
2707,0
35478,0
818,0
39893,0
37363,0
37070,0
1670,0
20366,0
11056,0
28640,0
29026,0
38130,0
1091,0
12800,0
1929,0
5490,0
14360,0
24676,0
25414,0
858,0
39427,0
6803,0
29428,0
18497,0
26207,0
43876,0
23185,0
12290,0
5463,0
35829,0
21559,0
2493,0
31728,0
30275,0
20157,0
31387,0
16314,0
40860,0
34668,0
6061,0
35766,0
37038,0
7268,0
9875,0
29664,0
16587,0
14788,0
3564,0
25900,0
16399,0
505,0
7574,0
18766,0
16992,0
3535,0
25442,0
39432,0
17374,0
8335,0
23459,0
16321,0
6961,0
26971,0
36859,0
9924,0
3328,0
22914,0
24002,0
28524,0
40501,0
41762,0
26645,0
14288,0
18057,0
23225,0
7791,0
33258,0
33821,0
3192,0
42160,0
397,0
2807,0
20932,0
13930,0
13934,0
45023,0
243,0
2612,0
5448,0
24627,0
38294,0
16202,0
6262,0
41251,0
7511,0
30577,0
41524,0
13135,0
30409,0
23322,0
28264,0
393,0
41250,0
12903,0
8336,0
9387,0
6008,0
40340,0
6695,0
20530,0
43311,0
20983,0
31346,0
1889,0
35745,0
11395,0
33550,0
21277,0
21279,0
10504,0
28316,0
37866,0
4120,0
27182,0
16233,0
42492,0
11273,0
29907,0
16988,0
14186,0
36945,0
20219,0
42143,0
32237,0
13053,0
20560,0
36373,0
16623,0
34964,0
36024,0
346,0
14765,0
7824,0
26844,0
28506,0
23431,0
20401,0
24532,0
24958,0
18401,0
40554,0
1081,0
8300,0
40798,0
23086,0
15097,0
22450,0
8725,0
23123,0
36662,0
30426,0
38791,0
13393,0
41138,0
19629,0
34434,0
24814,0
5111,0
18850,0
28433,0
7183,0
11405,0
7504,0
10848,0
36447,0
30977,0
31823,0
39696,0
24294,0
4274,0
28654,0
10973,0
34012,0
25512,0
24552,0
24508,0
12177,0
11890,0
22831,0
27325,0
36393,0
27199,0
25104,0
36392,0
20600,0
23773,0
4697,0
9516,0
28193,0
12832,0
14314,0
19051,0
19779,0
30263,0
23967,0
10207,0
29620,0
4615,0
43127,0
30200,0
15826,0
24753,0
38177,0
39465,0
19311,0
1721,0
37812,0
1644,0
34850,0
22880,0
9917,0
21959,0
34049,0
28895,0
1543,0
20613,0
26876,0
10723,0
26538,0
4512,0
8626,0
6864,0
9757,0
27179,0
27142,0
1502,0
21216,0
28138,0
23443,0
18240,0
6372,0
27888,0
12350,0
35158,0
2086,0
26027,0
35650,0
15254,0
30562,0
27610,0
27711,0
283,0
25796,0
13183,0
23320,0
37452,0
38917,0
15300,0
28729,0
19834,0
26181,0
34124,0
15313,0
34576,0
3035,0
36269,0
9520,0
9403,0
16646,0
12068,0
13748,0
25228,0
38648,0
40912,0
30103,0
2494,0
34042,0
20419,0
32177,0
38269,0
5774,0
32522,0
37469,0
13956,0
39259,0
13621,0
6929,0
33557,0
40385,0
17582,0
13297,0
14835,0
4337,0
7531,0
32007,0
28200,0
25214,0
9351,0
16803,0
29269,0
24724,0
16065,0
3005,0
38176,0
5026,0
35368,0
39756,0
10466,0
5548,0
38261,0
15339,0
29407,0
15488,0
29425,0
6987,0
37428,0
20134,0
34941,0
23498,0
36539,0
18950,0
28747,0
11061,0
23646,0
9896,0
35716,0
38768,0
9275,0
30985,0
39323,0
35509,0
1437,0
6783,0
40918,0
14549,0
24554,0
8556,0
29335,0
7120,0
37276,0
20253,0
28909,0
21229,0
25437,0
20382,0
18190,0
37446,0
43278,0
9745,0
24792,0
9716,0
18123,0
14997,0
39666,0
37618,0
27536,0
38647,0
25029,0
34395,0
41685,0
13158,0
42166,0
25852,0
27331,0
40996,0
17922,0
44119,0
23737,0
38823,0
21505,0
15460,0
26362,0
14668,0
16658,0
29661,0
589,0
15757,0
39239,0
33435,0
35614,0
7038,0
26125,0
41034,0
34297,0
11902,0
3887,0
14535,0
23305,0
805,0
30800,0
15795,0
25709,0
111,0
15985,0
27353,0
36338,0
8000,0
3886,0
10767,0
895,0
17160,0
31633,0
43141,0
19055,0
25023,0
21451,0
23492,0
29632,0
23206,0
42233,0
19337,0
43029,0
34977,0
38083,0
20085,0
10091,0
25612,0
31548,0
17842,0
444,0
30069,0
2403,0
9724,0
31541,0
11799,0
10537,0
11903,0
3679,0
20489,0
6020,0
28137,0
1096,0
23590,0
10229,0
35297,0
5436,0
4810,0
25105,0
3915,0
7315,0
17608,0
26239,0
20803,0
3781,0
24670,0
43155,0
19430,0
988,0
20995,0
10823,0
29184,0
22165,0
12957,0
43728,0
14415,0
37234,0
22741,0
10048,0
16064,0
39778,0
7667,0
2938,0
28820,0
20487,0
18314,0
9323,0
38190,0
37652,0
28976,0
39290,0
23668,0
7181,0
9053,0
31980,0
347,0
6386,0
38242,0
1753,0
23154,0
22826,0
41150,0
21656,0
17451,0
36597,0
19481,0
16833,0
19273,0
21831,0
1631,0
44238,0
26152,0
34354,0
17468,0
29699,0
9240,0
3653,0
25050,0
30005,0
22159,0
26607,0
3616,0
38021,0
1465,0
19100,0
31052,0
713,0
5409,0
42781,0
12216,0
28944,0
34238,0
1606,0
43611,0
38979,0
1733,0
27236,0
39245,0
26627,0
6159,0
792,0
24600,0
36725,0
21833,0
1205,0
6420,0
35245,0
3825,0
18600,0
19123,0
25956,0
9377,0
12152,0
8581,0
45034,0
23464,0
3114,0
36463,0
27414,0
36088,0
29325,0
11379,0
14085,0
3871,0
7440,0
8503,0
24121,0
41414,0
44388,0
29646,0
24355,0
1067,0
32754,0
16980,0
8472,0
18765,0
23049,0
4258,0
12345,0
6726,0
10812,0
39750,0
38478,0
34735,0
17858,0
8852,0
36150,0
14004,0
32308,0
2203,0
17827,0
30020,0
1086,0
20910,0
28743,0
4151,0
7425,0
10513,0
8258,0
43984,0
11866,0
31576,0
36497,0
40700,0
40612,0
8444,0
1270,0
19425,0
36283,0
28627,0
2810,0
30948,0
4292,0
30112,0
37346,0
28919,0
19640,0
12781,0
12592,0
18961,0
36839,0
5927,0
4725,0
19286,0
15436,0
13851,0
16522,0
17689,0
35249,0
35833,0
11327,0
7016,0
8726,0
20216,0
6549,0
21555,0
38563,0
7117,0
17442,0
36065,0
21941,0
102,0
16668,0
15123,0
7599,0
19435,0
27469,0
18547,0
7967,0
1708,0
35816,0
407,0
31567,0
8128,0
17263,0
1009,0
32129,0
8890,0
16303,0
35879,0
22191,0
24245,0
3498,0
22894,0
9486,0
709,0
4440,0
28618,0
43511,0
15940,0
32317,0
40976,0
34806,0
37739,0
7495,0
6111,0
7245,0
5458,0
18909,0
25799,0
15424,0
30223,0
9892,0
35676,0
8219,0
20572,0
26284,0
28882,0
32908,0
12169,0
27492,0
36409,0
13052,0
16414,0
1472,0
39620,0
27053,0
33951,0
34030,0
28598,0
39381,0
14850,0
5832,0
39956,0
5719,0
14527,0
38731,0
43445,0
12191,0
18031,0
37194,0
43740,0
13167,0
39623,0
37834,0
10991,0
2757,0
16573,0
25602,0
24694,0
28542,0
36378,0
24411,0
37829,0
35767,0
6458,0
21634,0
8558,0
25511,0
2451,0
5420,0
32755,0
22564,0
13045,0
26326,0
16865,0
42616,0
33711,0
17528,0
13208,0
18930,0
16332,0
33082,0
39305,0
8347,0
15969,0
2115,0
32335,0
3736,0
13895,0
25453,0
10584,0
9071,0
27087,0
14154,0
36882,0
37108,0
29502,0
38692,0
6235,0
18520,0
35701,0
12855,0
13674,0
6829,0
34938,0
45053,0
16485,0
40176,0
29839,0
9022,0
7683,0
29568,0
6285,0
36180,0
17660,0
28384,0
8233,0
21956,0
21925,0
44363,0
26290,0
27554,0
3218,0
2649,0
10738,0
26392,0
28021,0
11882,0
24993,0
30329,0
39036,0
30819,0
16909,0
28980,0
11147,0
12325,0
6679,0
14665,0
22173,0
3722,0
23496,0
24571,0
27606,0
25047,0
11857,0
8846,0
3680,0
9348,0
15129,0
28206,0
21524,0
11670,0
21452,0
2920,0
31872,0
13658,0
6210,0
23828,0
33771,0
7814,0
28372,0
3556,0
19744,0
34464,0
35361,0
15045,0
4903,0
30052,0
18377,0
43541,0
28387,0
2170,0
7568,0
19658,0
37465,0
19064,0
7223,0
1354,0
25248,0
18942,0
22418,0
35943,0
17251,0
17427,0
19765,0
6369,0
45033,0
1507,0
8710,0
18708,0
4478,0
28736,0
26356,0
39437,0
518,0
39445,0
17629,0
23705,0
16181,0
30736,0
23850,0
38951,0
35293,0
25272,0
26180,0
28472,0
21918,0
41970,0
4878,0
20035,0
32806,0
1420,0
37658,0
21507,0
11268,0
6663,0
30387,0
20723,0
28173,0
3198,0
7838,0
26054,0
32645,0
11502,0
16001,0
9718,0
4355,0
42617,0
7701,0
20626,0
9514,0
11341,0
1338,0
33610,0
23228,0
35731,0
13627,0
42368,0
14925,0
6443,0
35156,0
27186,0
15705,0
13038,0
7783,0
4939,0
10352,0
28012,0
12135,0
2537,0
1066,0
28373,0
18661,0
12176,0
44713,0
5491,0
40768,0
2168,0
11247,0
28427,0
23223,0
38167,0
37844,0
27421,0
1516,0
25914,0
28018,0
20011,0
31972,0
34798,0
18607,0
31749,0
34771,0
27937,0
5235,0
26035,0
4228,0
24016,0
26117,0
15657,0
10180,0
43877,0
22979,0
2983,0
30588,0
15999,0
36821,0
8077,0
30696,0
20356,0
45143,0
9951,0
8576,0
10914,0
44031,0
39324,0
18910,0
10286,0
4470,0
7606,0
32247,0
26956,0
44490,0
15161,0
3292,0
20759,0
2623,0
9603,0
21960,0
10279,0
19366,0
37076,0
1686,0
28075,0
12204,0
19142,0
35849,0
43632,0
16258,0
30694,0
16253,0
22301,0
13997,0
7572,0
37084,0
33052,0
12212,0
3792,0
21241,0
4637,0
34424,0
30727,0
3771,0
36129,0
14553,0
22355,0
32627,0
34198,0
21759,0
21908,0
15515,0
11952,0
20340,0
4937,0
4116,0
18356,0
36521,0
31739,0
37597,0
34926,0
15461,0
25194,0
34867,0
3723,0
11073,0
32274,0
5988,0
19641,0
23907,0
37781,0
14261,0
15813,0
1238,0
28040,0
25843,0
24702,0
31606,0
14173,0
28603,0
19776,0
11487,0
12887,0
20504,0
11223,0
34488,0
24916,0
34622,0
647,0
40655,0
20832,0
17431,0
22725,0
34118,0
20798,0
34660,0
11742,0
13240,0
34727,0
10453,0
23751,0
26303,0
8593,0
2340,0
40341,0
1751,0
20329,0
4191,0
30688,0
43140,0
6632,0
10611,0
29869,0
33331,0
25107,0
18522,0
24444,0
22924,0
44736,0
34845,0
37889,0
36108,0
12273,0
544,0
38476,0
19680,0
38654,0
461,0
30307,0
37181,0
31560,0
19822,0
32674,0
23346,0
20664,0
10631,0
17544,0
11812,0
32153,0
30956,0
8775,0
21335,0
7979,0
12423,0
14506,0
22622,0
4646,0
10842,0
15186,0
17153,0
19736,0
22359,0
37305,0
11193,0
8510,0
25410,0
28282,0
12930,0
4978,0
39658,0
41222,0
30516,0
37725,0
2230,0
37530,0
23317,0
9610,0
22506,0
18283,0
30581,0
14755,0
30470,0
3583,0
12380,0
24970,0
32808,0
10761,0
21870,0
11414,0
39560,0
33144,0
12497,0
27172,0
25373,0
33329,0
33126,0
21790,0
28148,0
17082,0
12487,0
1105,0
28838,0
10255,0
26680,0
16669,0
33270,0
14723,0
31993,0
1011,0
36768,0
8660,0
7781,0
18564,0
5921,0
22286,0
10325,0
11949,0
7931,0
35172,0
36836,0
26493,0
37635,0
3779,0
30213,0
20964,0
35372,0
18071,0
37031,0
24903,0
9374,0
9643,0
45007,0
32126,0
7576,0
38288,0
11468,0
12066,0
33114,0
41106,0
1532,0
11754,0
23662,0
38202,0
19881,0
16771,0
30547,0
41412,0
5731,0
36294,0
21377,0
17644,0
6653,0
36420,0
4652,0
31653,0
19926,0
6137,0
22459,0
2737,0
31898,0
22790,0
18104,0
2566,0
16751,0
32221,0
19450,0
10136,0
41584,0
6892,0
17841,0
10015,0
20554,0
10816,0
28159,0
3990,0
31654,0
32836,0
12567,0
32430,0
10196,0
16208,0
6325,0
34136,0
26805,0
6811,0
6699,0
30850,0
38060,0
9967,0
11530,0
33695,0
43636,0
28057,0
39028,0
20565,0
1007,0
1064,0
5930,0
40802,0
1963,0
19567,0
9524,0
39143,0
27951,0
17066,0
2631,0
23386,0
38998,0
13306,0
4757,0
37483,0
19174,0
37558,0
3603,0
4635,0
2,0
30121,0
33990,0
28633,0
7052,0
6671,0
7081,0
23328,0
25632,0
6371,0
18801,0
13908,0
30222,0
33409,0
29349,0
32115,0
13716,0
13894,0
1053,0
33942,0
15583,0
23898,0
14933,0
21997,0
37019,0
22939,0
28910,0
16474,0
19429,0
23345,0
41177,0
9056,0
32478,0
32253,0
13485,0
28770,0
25577,0
45151,0
35354,0
22134,0
41868,0
27994,0
22857,0
8644,0
184,0
8579,0
40946,0
23831,0
10607,0
6574,0
3506,0
22637,0
24799,0
23968,0
3228,0
35578,0
23961,0
33621,0
2818,0
29056,0
24027,0
20379,0
42610,0
25475,0
2076,0
37916,0
36212,0
32904,0
7602,0
16170,0
5049,0
761,0
38441,0
19316,0
42899,0
4823,0
14253,0
19620,0
29025,0
33444,0
17769,0
10962,0
22415,0
12711,0
101,0
14380,0
7330,0
7563,0
22851,0
20047,0
6900,0
1567,0
38440,0
26226,0
22630,0
34515,0
7289,0
10450,0
39566,0
9508,0
1946,0
5771,0
41209,0
11986,0
14757,0
12222,0
1978,0
40664,0
31854,0
7523,0
21389,0
26194,0
19566,0
41061,0
14292,0
3268,0
17329,0
7871,0
12230,0
6620,0
6243,0
12061,0
20460,0
23148,0
31341,0
2542,0
7601,0
17382,0
12197,0
20512,0
7313,0
28873,0
10026,0
10627,0
10028,0
7459,0
25848,0
15938,0
44028,0
37436,0
15701,0
24026,0
18372,0
3473,0
16165,0
9264,0
30173,0
7889,0
204,0
23406,0
9912,0
35993,0
39861,0
7792,0
26770,0
36424,0
2223,0
10034,0
5833,0
30543,0
11998,0
32902,0
6462,0
32874,0
25591,0
25445,0
1705,0
12256,0
16451,0
20431,0
39700,0
5472,0
28835,0
8826,0
20468,0
22249,0
17398,0
30269,0
16530,0
10050,0
13592,0
1198,0
24273,0
6095,0
42854,0
2229,0
23551,0
22167,0
10165,0
2627,0
5237,0
27850,0
27084,0
29333,0
9894,0
30000,0
4527,0
18858,0
2133,0
10244,0
31005,0
5531,0
27858,0
23811,0
37329,0
38837,0
35915,0
9287,0
20325,0
7921,0
39297,0
23057,0
14333,0
7845,0
11093,0
19967,0
4031,0
1518,0
28020,0
35073,0
15095,0
1890,0
44768,0
22451,0
4896,0
17602,0
15691,0
6,0
27674,0
28690,0
12513,0
23475,0
19752,0
6689,0
11720,0
38275,0
1709,0
27543,0
36735,0
24494,0
21793,0
39070,0
44954,0
16800,0
28083,0
5891,0
5336,0
18164,0
7651,0
34480,0
13805,0
31195,0
38281,0
7737,0
35308,0
20907,0
3776,0
13244,0
24815,0
27696,0
14446,0
11117,0
18732,0
22411,0
34683,0
16986,0
21388,0
2902,0
21890,0
17920,0
36124,0
25557,0
12052,0
21297,0
30518,0
33556,0
23924,0
23724,0
4524,0
6922,0
17802,0
40135,0
23219,0
20341,0
13811,0
9072,0
4504,0
13476,0
1882,0
27015,0
45161,0
3281,0
25636,0
6397,0
1611,0
26658,0
43883,0
4325,0
7738,0
25465,0
14190,0
5480,0
1613,0
38465,0
10755,0
12558,0
40415,0
22345,0
33055,0
30943,0
7686,0
5350,0
3075,0
15201,0
17177,0
29558,0
22131,0
8308,0
19224,0
36436,0
34761,0
14310,0
8980,0
30007,0
12287,0
14508,0
18716,0
25749,0
4601,0
12973,0
39485,0
18093,0
1886,0
3663,0
35464,0
21632,0
23235,0
13472,0
11008,0
41488,0
5944,0
39254,0
19563,0
6321,0
23131,0
44122,0
34497,0
32543,0
14452,0
34138,0
1274,0
35257,0
17199,0
42611,0
24685,0
36780,0
14654,0
23153,0
29847,0
1513,0
29988,0
27609,0
38758,0
29451,0
28683,0
40448,0
6896,0
14376,0
16287,0
44068,0
18034,0
36455,0
3968,0
30474,0
31792,0
40252,0
29224,0
19869,0
19436,0
8178,0
11303,0
24626,0
14927,0
7041,0
16024,0
21844,0
16296,0
27346,0
32480,0
10988,0
837,0
25907,0
41424,0
18952,0
24015,0
2729,0
39087,0
7083,0
28172,0
24049,0
3903,0
15056,0
19940,0
19718,0
18649,0
13839,0
8911,0
3977,0
17857,0
15850,0
34442,0
29705,0
14496,0
17672,0
981,0
42183,0
44116,0
14259,0
31667,0
1643,0
41720,0
17045,0
14894,0
21453,0
4186,0
11813,0
32805,0
35939,0
19874,0
29199,0
16546,0
15567,0
30967,0
37376,0
18782,0
30623,0
8246,0
26262,0
37046,0
44700,0
17006,0
16292,0
15706,0
35284,0
7685,0
5464,0
31420,0
26877,0
24785,0
20531,0
23397,0
40669,0
14406,0
16792,0
27549,0
19591,0
40539,0
25684,0
10328,0
2366,0
17349,0
12596,0
6509,0
7908,0
15544,0
23445,0
5813,0
31139,0
34324,0
30887,0
24857,0
21413,0
978,0
21821,0
22401,0
36446,0
36095,0
21591,0
30649,0
25873,0
35752,0
8440,0
3301,0
12082,0
20618,0
22535,0
28013,0
6223,0
34478,0
40493,0
62,0
238,0
34787,0
5540,0
9995,0
27908,0
1479,0
26929,0
38740,0
536,0
33378,0
30864,0
41972,0
2187,0
10406,0
24203,0
17224,0
13727,0
13844,0
11748,0
40704,0
37720,0
39541,0
3651,0
7726,0
13235,0
6198,0
9317,0
516,0
24320,0
359,0
17070,0
22901,0
920,0
30536,0
27999,0
2502,0
11666,0
28992,0
41568,0
2657,0
11731,0
14339,0
2343,0
5133,0
39660,0
38930,0
45144,0
33563,0
24244,0
41808,0
13489,0
40111,0
27746,0
16894,0
8724,0
7854,0
29496,0
35098,0
16588,0
15745,0
39052,0
34569,0
11111,0
32208,0
20428,0
418,0
24325,0
18347,0
36028,0
13101,0
21423,0
25123,0
10437,0
24462,0
6848,0
963,0
20625,0
24715,0
7033,0
29099,0
18193,0
35852,0
8926,0
3403,0
28380,0
37220,0
33525,0
16886,0
2742,0
4460,0
3995,0
30871,0
25644,0
35093,0
40963,0
31620,0
3087,0
30520,0
21904,0
37037,0
82,0
37570,0
22601,0
30918,0
41978,0
21658,0
7194,0
8113,0
41243,0
2024,0
12835,0
18419,0
20612,0
5998,0
30583,0
40786,0
29931,0
28781,0
12000,0
39005,0
28158,0
42713,0
7046,0
5023,0
35288,0
8040,0
39078,0
32472,0
11234,0
3350,0
12616,0
14831,0
18565,0
35521,0
8256,0
40007,0
32082,0
22590,0
43222,0
42494,0
1720,0
16430,0
10609,0
18345,0
37872,0
11281,0
11015,0
31231,0
4205,0
15116,0
39158,0
32040,0
13688,0
44653,0
38714,0
34260,0
23768,0
27219,0
5697,0
24971,0
26202,0
24167,0
27830,0
24641,0
21059,0
20061,0
36107,0
5155,0
12468,0
31909,0
31252,0
27944,0
23196,0
25215,0
34764,0
34796,0
1494,0
38376,0
38676,0
20282,0
437,0
12335,0
14458,0
10630,0
14766,0
7232,0
26010,0
6981,0
35927,0
23998,0
24545,0
35143,0
40550,0
5154,0
11342,0
20411,0
35858,0
18631,0
6071,0
23318,0
23781,0
19364,0
41802,0
12750,0
21341,0
37427,0
18975,0
27039,0
4729,0
9988,0
28900,0
38293,0
22250,0
33312,0
3406,0
21993,0
17975,0
7060,0
12064,0
26249,0
9344,0
41400,0
28435,0
32139,0
7730,0
6520,0
3461,0
13147,0
14169,0
17987,0
41707,0
31491,0
35747,0
7271,0
31991,0
4689,0
18417,0
24310,0
14489,0
25763,0
25525,0
21747,0
6812,0
11488,0
26892,0
16129,0
23278,0
20897,0
9559,0
25007,0
38893,0
16438,0
10739,0
900,0
5314,0
6938,0
6327,0
38804,0
1628,0
14573,0
19342,0
8361,0
39477,0
12426,0
14204,0
10238,0
19997,0
24349,0
23565,0
30286,0
33701,0
36638,0
4026,0
20149,0
26589,0
20716,0
24828,0
2040,0
28849,0
30326,0
328,0
21386,0
8547,0
43873,0
28192,0
8735,0
45114,0
30460,0
2770,0
21954,0
40069,0
8328,0
36336,0
40296,0
39883,0
24557,0
5117,0
3499,0
15884,0
27347,0
8001,0
1885,0
29473,0
17100,0
31121,0
26203,0
21574,0
13868,0
38081,0
42,0
35929,0
13161,0
7768,0
13802,0
1448,0
4375,0
15458,0
36488,0
33246,0
29785,0
15000,0
35666,0
10350,0
6611,0
23017,0
25366,0
30685,0
29281,0
16029,0
38974,0
1127,0
3275,0
31211,0
13849,0
22340,0
24853,0
246,0
4438,0
4172,0
27618,0
13696,0
14919,0
33594,0
6530,0
4950,0
44027,0
34793,0
29198,0
29233,0
29459,0
1558,0
23398,0
6740,0
39462,0
32279,0
1833,0
26062,0
15732,0
25504,0
14792,0
9305,0
7149,0
13382,0
4368,0
8853,0
30231,0
40804,0
32372,0
6067,0
30029,0
37920,0
37852,0
14156,0
41420,0
37931,0
4124,0
6835,0
24767,0
208,0
19562,0
39043,0
33804,0
41602,0
6426,0
38726,0
19555,0
10651,0
22514,0
20956,0
28925,0
29433,0
9036,0
27237,0
1848,0
37963,0
28315,0
18496,0
29296,0
24564,0
2073,0
10625,0
22133,0
14501,0
22877,0
9811,0
16416,0
14653,0
35973,0
29748,0
17443,0
18332,0
5668,0
33338,0
25163,0
20858,0
31956,0
19842,0
23243,0
37732,0
38549,0
7560,0
2056,0
16660,0
27211,0
22676,0
12173,0
10691,0
23122,0
44209,0
44309,0
10215,0
10483,0
26648,0
4027,0
4412,0
23507,0
39018,0
27487,0
28987,0
4973,0
22026,0
21079,0
10101,0
20836,0
13756,0
22498,0
13491,0
26940,0
17984,0
40114,0
21307,0
5838,0
17494,0
548,0
8477,0
11678,0
17902,0
8395,0
24396,0
6996,0
40134,0
22589,0
8493,0
45136,0
31391,0
9121,0
38320,0
40503,0
3650,0
29609,0
14481,0
34486,0
31727,0
33381,0
10896,0
1928,0
44514,0
33410,0
2966,0
43161,0
18668,0
32429,0
36959,0
22388,0
13593,0
40788,0
25221,0
38805,0
15276,0
29914,0
3818,0
12693,0
18045,0
34427,0
31089,0
5645,0
27542,0
8858,0
38914,0
25281,0
2431,0
13504,0
8290,0
15067,0
37795,0
30614,0
29738,0
11684,0
35214,0
18589,0
37313,0
19528,0
27003,0
41026,0
34506,0
13563,0
31936,0
16891,0
1410,0
40099,0
6831,0
27397,0
27862,0
37187,0
25655,0
2175,0
1716,0
32101,0
6370,0
13349,0
800,0
41394,0
37445,0
29739,0
12933,0
16316,0
20783,0
8302,0
38929,0
25703,0
2680,0
3106,0
7331,0
29270,0
38337,0
10819,0
18689,0
27216,0
574,0
22918,0
45070,0
36109,0
21551,0
28107,0
21875,0
1770,0
7063,0
30452,0
19958,0
27841,0
249,0
18006,0
19691,0
5848,0
12275,0
4442,0
9021,0
23293,0
34812,0
26778,0
22885,0
32869,0
28789,0
1913,0
6419,0
17636,0
36259,0
23788,0
36198,0
13127,0
13984,0
36135,0
24904,0
37027,0
2441,0
6066,0
5010,0
26271,0
7200,0
20732,0
15279,0
10528,0
42083,0
31973,0
4214,0
13290,0
29845,0
13632,0
9470,0
16461,0
6587,0
27158,0
32640,0
34396,0
33216,0
11490,0
32895,0
6214,0
23423,0
3735,0
3357,0
16508,0
44822,0
35782,0
7525,0
7927,0
35757,0
20885,0
21301,0
5917,0
28879,0
5152,0
10018,0
1102,0
38700,0
955,0
31910,0
17877,0
4096,0
20901,0
8598,0
31911,0
41663,0
35304,0
19015,0
11090,0
8052,0
55,0
21618,0
11393,0
23813,0
1281,0
34492,0
13579,0
2254,0
13020,0
11413,0
11250,0
28834,0
1557,0
38495,0
43576,0
18702,0
4304,0
4045,0
5005,0
6344,0
2741,0
37217,0
1169,0
21190,0
992,0
4971,0
23897,0
13289,0
6128,0
17338,0
4672,0
11309,0
8864,0
31730,0
38020,0
18586,0
13253,0
37971,0
23710,0
21545,0
24387,0
2484,0
24560,0
2156,0
35803,0
34570,0
26643,0
25592,0
22431,0
10298,0
60,0
18138,0
22638,0
2285,0
20659,0
25940,0
44658,0
27465,0
24718,0
36305,0
15379,0
11911,0
27596,0
27864,0
16922,0
19475,0
36659,0
14313,0
20764,0
42830,0
22153,0
11136,0
4593,0
18236,0
39584,0
33464,0
28277,0
14164,0
7010,0
19983,0
40427,0
37485,0
13258,0
12643,0
18871,0
36484,0
26428,0
7488,0
38807,0
12023,0
36988,0
21583,0
28574,0
31143,0
4435,0
25746,0
4804,0
32134,0
39822,0
40051,0
4684,0
36254,0
8352,0
44590,0
8327,0
42272,0
7235,0
23157,0
39467,0
22832,0
32537,0
22300,0
3870,0
35003,0
35668,0
12617,0
2695,0
42641,0
16357,0
17089,0
3868,0
1435,0
21651,0
323,0
20802,0
6333,0
15333,0
881,0
37013,0
10935,0
27756,0
2510,0
38901,0
23605,0
13330,0
18134,0
30950,0
32546,0
19684,0
8287,0
3488,0
17204,0
8917,0
19796,0
12242,0
100,0
38847,0
11188,0
17059,0
772,0
9932,0
18183,0
23458,0
23855,0
28702,0
5452,0
13625,0
11624,0
39962,0
29480,0
15277,0
10167,0
18632,0
18367,0
11023,0
3444,0
5502,0
11752,0
25647,0
13529,0
20001,0
27813,0
37637,0
4138,0
27579,0
7780,0
28947,0
30689,0
20320,0
22616,0
21242,0
2793,0
20220,0
14002,0
10518,0
2967,0
24619,0
36291,0
27801,0
9012,0
25121,0
16985,0
40959,0
12588,0
22959,0
3162,0
19517,0
42857,0
33684,0
27844,0
44980,0
19048,0
26230,0
24692,0
31565,0
22041,0
15579,0
30550,0
8515,0
7551,0
40032,0
16380,0
17690,0
38775,0
26620,0
22610,0
4977,0
18383,0
7716,0
32132,0
31564,0
37230,0
19635,0
23435,0
29626,0
12559,0
19821,0
8661,0
15385,0
18603,0
37461,0
39183,0
30084,0
487,0
19078,0
34254,0
44449,0
41915,0
21231,0
21967,0
43872,0
2972,0
19334,0
26691,0
15168,0
17372,0
13307,0
24740,0
36543,0
35491,0
9097,0
38095,0
37561,0
25668,0
6023,0
30170,0
38868,0
26771,0
41051,0
4673,0
36387,0
36580,0
31598,0
34608,0
12954,0
30291,0
39608,0
30972,0
41415,0
41698,0
26701,0
4291,0
42139,0
23874,0
5348,0
4846,0
31189,0
10336,0
25120,0
28768,0
34490,0
43866,0
17974,0
34536,0
36738,0
32284,0
6985,0
14706,0
3175,0
159,0
4218,0
34311,0
32374,0
30517,0
10455,0
22731,0
30323,0
28717,0
38250,0
10477,0
2081,0
30024,0
34114,0
10205,0
11971,0
32793,0
30960,0
35813,0
2161,0
10642,0
2547,0
8029,0
22928,0
42389,0
25829,0
41049,0
24728,0
16690,0
14947,0
6603,0
32956,0
15892,0
41653,0
20083,0
36802,0
44838,0
36479,0
14032,0
42608,0
20556,0
28489,0
37744,0
5202,0
40882,0
24948,0
43979,0
44393,0
21133,0
13506,0
23118,0
6174,0
1696,0
17623,0
8446,0
11388,0
10763,0
32828,0
39558,0
8498,0
6934,0
35163,0
1718,0
26354,0
21045,0
36268,0
18615,0
16757,0
14747,0
21054,0
9696,0
36705,0
2670,0
5750,0
10892,0
14300,0
15897,0
19980,0
6664,0
1405,0
32443,0
1196,0
7337,0
39197,0
7312,0
2284,0
14239,0
26449,0
35256,0
26102,0
11766,0
21998,0
41197,0
36690,0
10502,0
30973,0
37531,0
36121,0
18697,0
17172,0
37254,0
43200,0
21746,0
37770,0
9689,0
36034,0
37583,0
22567,0
9336,0
9172,0
22238,0
6575,0
30076,0
12857,0
31249,0
25676,0
39067,0
23425,0
12263,0
2579,0
36525,0
8624,0
32906,0
18120,0
9598,0
42842,0
32760,0
10236,0
23274,0
31461,0
30557,0
26025,0
28231,0
960,0
30659,0
18463,0
36227,0
3374,0
32011,0
25040,0
27563,0
7108,0
350,0
30660,0
35551,0
5189,0
6384,0
39731,0
5334,0
28742,0
18205,0
39511,0
9327,0
2727,0
39728,0
39540,0
8928,0
15302,0
14965,0
36701,0
3471,0
6809,0
22342,0
36320,0
43759,0
11564,0
47,0
24029,0
30608,0
24231,0
14381,0
1033,0
22280,0
37641,0
21153,0
18040,0
44805,0
22143,0
26879,0
11348,0
4107,0
16766,0
6779,0
36734,0
18325,0
40420,0
4465,0
15196,0
30902,0
36815,0
15992,0
17124,0
20139,0
24308,0
30885,0
38514,0
18614,0
9601,0
9363,0
25326,0
23499,0
35646,0
38656,0
14334,0
18452,0
3534,0
38898,0
5042,0
6844,0
2554,0
22390,0
5776,0
37002,0
34251,0
19310,0
34227,0
19145,0
19163,0
6677,0
26558,0
15976,0
22384,0
23353,0
8588,0
11478,0
20841,0
17314,0
15925,0
37256,0
26951,0
12330,0
19125,0
2985,0
26408,0
15957,0
22457,0
17791,0
26896,0
12417,0
41459,0
30419,0
21148,0
8279,0
19164,0
7406,0
31970,0
10357,0
33332,0
124,0
8380,0
502,0
10546,0
27409,0
455,0
4749,0
1597,0
25989,0
21766,0
22385,0
1027,0
16263,0
4624,0
17657,0
37188,0
44037,0
3688,0
40512,0
17750,0
40660,0
10188,0
1783,0
28467,0
32623,0
35484,0
893,0
26893,0
4414,0
20100,0
12258,0
8673,0
7883,0
30456,0
10411,0
17030,0
44688,0
12154,0
33318,0
19269,0
11700,0
24287,0
36650,0
3761,0
4488,0
8169,0
3637,0
34918,0
21626,0
5708,0
18592,0
31510,0
39159,0
37398,0
18039,0
15483,0
20396,0
25699,0
16427,0
18301,0
7272,0
21767,0
5501,0
9297,0
3477,0
7580,0
21836,0
23744,0
26283,0
8012,0
34631,0
32752,0
9945,0
21431,0
23291,0
10859,0
33155,0
3308,0
21659,0
36147,0
2862,0
10655,0
28504,0
24404,0
37930,0
34935,0
12870,0
25824,0
6340,0
35918,0
19791,0
5745,0
35383,0
7955,0
17117,0
12151,0
5116,0
33504,0
34179,0
5700,0
2529,0
27837,0
11330,0
5061,0
30119,0
38888,0
30196,0
9352,0
8028,0
3359,0
19394,0
27673,0
6258,0
5492,0
33964,0
2287,0
15885,0
35020,0
2773,0
18552,0
29362,0
28712,0
34405,0
30015,0
396,0
4733,0
2599,0
25730,0
16051,0
23158,0
22183,0
44761,0
9046,0
9152,0
14471,0
12132,0
3370,0
0,0
10445,0
31649,0
21385,0
28521,0
36978,0
35600,0
18505,0
25421,0
27385,0
14124,0
10677,0
4171,0
31940,0
33678,0
21320,0
41347,0
6113,0
22123,0
19362,0
20701,0
16006,0
39389,0
25923,0
14011,0
30239,0
37471,0
33179,0
579,0
41467,0
35599,0
2080,0
19276,0
20111,0
13792,0
30313,0
19354,0
42971,0
28061,0
36704,0
20299,0
43964,0
24721,0
23281,0
10027,0
21563,0
8401,0
43321,0
32689,0
11420,0
7836,0
16329,0
9427,0
24431,0
42075,0
30569,0
6013,0
43215,0
33272,0
19038,0
16836,0
33806,0
7448,0
35123,0
35104,0
6720,0
13387,0
11550,0
4756,0
23832,0
33926,0
39481,0
38064,0
11773,0
823,0
36795,0
35680,0
17600,0
14812,0
36026,0
27598,0
24235,0
36729,0
2711,0
22260,0
16823,0
18674,0
35117,0
22003,0
36608,0
958,0
9064,0
4056,0
16115,0
32254,0
5616,0
21173,0
27984,0
30416,0
32898,0
32641,0
11058,0
43743,0
23571,0
20359,0
39466,0
3090,0
18337,0
22739,0
14939,0
44227,0
5778,0
10413,0
32572,0
8053,0
5238,0
10705,0
4342,0
32302,0
8580,0
14513,0
21772,0
17472,0
27375,0
25801,0
39090,0
38552,0
1313,0
25296,0
32803,0
41402,0
3419,0
39603,0
35114,0
14463,0
24945,0
20497,0
4490,0
25506,0
21907,0
23814,0
14937,0
20547,0
11432,0
13148,0
27342,0
11461,0
17312,0
34090,0
23202,0
35764,0
15863,0
1623,0
575,0
28593,0
3998,0
16041,0
22357,0
34916,0
3626,0
5955,0
21973,0
16944,0
8133,0
13159,0
3504,0
30860,0
4357,0
34239,0
35125,0
40287,0
13080,0
16955,0
26757,0
40371,0
2800,0
22161,0
7056,0
34719,0
36003,0
34601,0
8249,0
15942,0
29053,0
14504,0
19140,0
22005,0
6810,0
34552,0
8038,0
32561,0
18118,0
31922,0
18343,0
1917,0
4003,0
26307,0
36352,0
40454,0
26779,0
40116,0
25013,0
17361,0
17508,0
4029,0
30379,0
41794,0
15275,0
26259,0
43885,0
30350,0
28826,0
4910,0
9271,0
32516,0
2422,0
37947,0
10264,0
20005,0
16801,0
15406,0
26688,0
30116,0
13016,0
4847,0
5217,0
36172,0
29041,0
28581,0
3096,0
21498,0
16725,0
5345,0
18658,0
22517,0
20697,0
3636,0
19458,0
34154,0
24478,0
11402,0
24166,0
34702,0
16832,0
29438,0
1582,0
8893,0
20254,0
4441,0
43289,0
32344,0
23734,0
17674,0
26441,0
11809,0
9664,0
36038,0
13850,0
9662,0
777,0
5995,0
37489,0
32937,0
20532,0
17702,0
9949,0
13561,0
11230,0
19576,0
18751,0
27481,0
37992,0
29263,0
12738,0
1598,0
23722,0
30826,0
2569,0
41783,0
17257,0
33681,0
11633,0
36925,0
16895,0
33494,0
15399,0
37350,0
16703,0
23799,0
630,0
32217,0
35437,0
11992,0
18888,0
3788,0
44585,0
564,0
1088,0
27676,0
32077,0
38321,0
31003,0
26787,0
14136,0
9065,0
35408,0
3725,0
1110,0
3421,0
1865,0
24653,0
30100,0
3851,0
42875,0
32458,0
21084,0
18659,0
39425,0
6332,0
11276,0
24726,0
15455,0
36035,0
26060,0
23104,0
44876,0
11428,0
14455,0
33023,0
11022,0
8421,0
3001,0
39232,0
1333,0
29082,0
8933,0
10003,0
27621,0
19571,0
34757,0
3222,0
16243,0
27669,0
17722,0
33762,0
14185,0
37699,0
578,0
4998,0
45154,0
10982,0
22891,0
33916,0
9395,0
37783,0
10773,0
23652,0
3113,0
420,0
30388,0
18365,0
16749,0
23332,0
25020,0
3079,0
344,0
577,0
32107,0
33255,0
6560,0
16354,0
10447,0
19193,0
10857,0
43486,0
14707,0
34462,0
40073,0
39242,0
23081,0
34827,0
5893,0
35653,0
36864,0
33657,0
35449,0
30430,0
1044,0
9038,0
9785,0
11423,0
40534,0
42901,0
27005,0
11460,0
23456,0
38354,0
44577,0
16359,0
26694,0
29940,0
23449,0
3426,0
10212,0
18856,0
38819,0
4759,0
36331,0
2445,0
20336,0
36282,0
10068,0
20555,0
31648,0
19466,0
5410,0
30292,0
13937,0
40818,0
14660,0
21024,0
18986,0
17708,0
4641,0
8511,0
8103,0
24618,0
38309,0
9368,0
36523,0
37488,0
24296,0
29273,0
23591,0
2427,0
15842,0
22865,0
14524,0
24576,0
26080,0
37173,0
50,0
34572,0
2684,0
11169,0
39382,0
20782,0
23521,0
17549,0
704,0
41362,0
26489,0
43455,0
6088,0
33807,0
18074,0
7176,0
44017,0
17020,0
33836,0
25698,0
21533,0
29175,0
11466,0
20962,0
5404,0
8264,0
12934,0
3747,0
31480,0
25616,0
5674,0
12655,0
15919,0
5666,0
12722,0
38456,0
1884,0
596,0
13608,0
5073,0
1766,0
37481,0
667,0
26773,0
12839,0
38812,0
9362,0
18315,0
21764,0
1637,0
1266,0
27513,0
7636,0
3084,0
22580,0
15270,0
26343,0
11033,0
15221,0
11075,0
30665,0
33483,0
42838,0
25160,0
38435,0
31785,0
4387,0
31770,0
20730,0
37065,0
26074,0
34525,0
20953,0
11822,0
20794,0
20081,0
17770,0
30863,0
9113,0
23155,0
44251,0
38502,0
31803,0
40209,0
45041,0
22166,0
20634,0
32255,0
44794,0
5329,0
28622,0
7449,0
28101,0
22787,0
11599,0
40901,0
2943,0
20644,0
1575,0
36312,0
33548,0
23915,0
8608,0
12253,0
26825,0
44379,0
9959,0
17162,0
16837,0
25019,0
3398,0
40429,0
19656,0
14811,0
11429,0
17029,0
5744,0
13664,0
27520,0
19420,0
24014,0
1155,0
2022,0
6292,0
986,0
18799,0
42000,0
14388,0
23856,0
38052,0
43559,0
32991,0
806,0
22883,0
11686,0
940,0
17150,0
23782,0
12607,0
1392,0
32282,0
15678,0
30604,0
3453,0
30,0
7208,0
6766,0
28503,0
5706,0
6628,0
36501,0
2588,0
38113,0
29141,0
16387,0
30428,0
38652,0
37846,0
23362,0
1761,0
17444,0
25809,0
21815,0
33674,0
34212,0
10886,0
6859,0
7625,0
9797,0
43736,0
14137,0
29806,0
14834,0
27861,0
23209,0
2825,0
2329,0
20534,0
11399,0
11318,0
21654,0
37639,0
37273,0
5418,0
18868,0
15547,0
25167,0
5190,0
15543,0
1698,0
9730,0
6984,0
19410,0
21364,0
31990,0
33146,0
20185,0
39760,0
23963,0
5225,0
14459,0
2249,0
17343,0
41349,0
15290,0
18404,0
16770,0
31931,0
30441,0
37025,0
18907,0
1683,0
8869,0
13356,0
17259,0
9867,0
18927,0
26907,0
29529,0
34052,0
14917,0
19943,0
10427,0
31676,0
29129,0
39117,0
3916,0
15937,0
16670,0
44873,0
17519,0
41778,0
45179,0
12864,0
8965,0
13772,0
17542,0
1985,0
17710,0
25017,0
35012,0
34994,0
31869,0
19447,0
36468,0
33123,0
18788,0
30551,0
23669,0
2532,0
23195,0
37136,0
30634,0
4967,0
6099,0
34973,0
28819,0
41128,0
33598,0
40324,0
16155,0
3020,0
30150,0
17373,0
28569,0
42663,0
10558,0
16550,0
1396,0
25216,0
24437,0
8490,0
12896,0
20616,0
12791,0
44216,0
29605,0
30345,0
32559,0
31362,0
25502,0
37290,0
36593,0
30945,0
35085,0
4752,0
27125,0
317,0
3984,0
33199,0
1799,0
17439,0
22038,0
21110,0
31038,0
35834,0
24333,0
16222,0
6945,0
19682,0
29013,0
12844,0
8830,0
45082,0
22346,0
5965,0
23288,0
11699,0
22534,0
6140,0
11849,0
36341,0
3183,0
22120,0
37868,0
29400,0
353,0
40450,0
10151,0
38318,0
28719,0
43136,0
28397,0
31627,0
23523,0
24339,0
19938,0
18445,0
15187,0
37837,0
26255,0
15420,0
20442,0
15181,0
34433,0
29858,0
8757,0
17507,0
10311,0
27743,0
19921,0
15145,0
5969,0
42622,0
43543,0
39026,0
13685,0
11506,0
41318,0
16625,0
14600,0
33552,0
39842,0
10134,0
14125,0
39862,0
27679,0
13363,0
6705,0
27975,0
2472,0
40487,0
23495,0
38940,0
41389,0
23448,0
17851,0
15902,0
32500,0
43137,0
2781,0
37159,0
21326,0
7437,0
20969,0
6143,0
30981,0
12745,0
22673,0
44291,0
23757,0
887,0
14564,0
17378,0
24996,0
42069,0
21089,0
35657,0
203,0
42372,0
15907,0
39667,0
43369,0
41667,0
34746,0
42890,0
26934,0
27470,0
6763,0
28053,0
32839,0
12565,0
6697,0
43628,0
8548,0
20768,0
38608,0
5579,0
16235,0
44431,0
27591,0
38578,0
24531,0
22137,0
9369,0
19559,0
13899,0
43887,0
25143,0
30643,0
2211,0
9644,0
32786,0
210,0
7058,0
38711,0
22417,0
40903,0
36242,0
103,0
11010,0
12809,0
28102,0
21771,0
24205,0
40300,0
11171,0
3716,0
40762,0
42659,0
9055,0
26446,0
15993,0
20592,0
19662,0
33630,0
33298,0
28584,0
39296,0
42115,0
38853,0
18141,0
15231,0
15767,0
15523,0
27612,0
14457,0
1250,0
6494,0
6517,0
23003,0
39027,0
39661,0
26294,0
30340,0
2572,0
23746,0
2111,0
288,0
6555,0
34824,0
13675,0
38423,0
43689,0
24648,0
1362,0
19706,0
12485,0
24357,0
30334,0
26622,0
16938,0
23887,0
33413,0
23886,0
19266,0
14686,0
14404,0
27783,0
33294,0
24615,0
5040,0
31481,0
20860,0
30243,0
17640,0
17610,0
39057,0
41042,0
35629,0
14703,0
7999,0
38766,0
8239,0
28081,0
11361,0
37767,0
21804,0
37800,0
24523,0
15676,0
35055,0
19527,0
18398,0
41545,0
1687,0
4160,0
38834,0
32251,0
42501,0
43870,0
15677,0
5822,0
34971,0
8854,0
13207,0
24729,0
18937,0
13213,0
31757,0
15737,0
11898,0
41270,0
9626,0
10944,0
11184,0
42057,0
25101,0
1707,0
5906,0
8452,0
29906,0
41029,0
42960,0
36976,0
22261,0
37995,0
40020,0
26212,0
17249,0
5716,0
14761,0
291,0
29795,0
4479,0
31624,0
13153,0
38747,0
27613,0
35442,0
23061,0
32831,0
22902,0
29307,0
19082,0
4807,0
28025,0
42238,0
40965,0
2239,0
29668,0
25409,0
14461,0
6564,0
38134,0
11495,0
2797,0
21576,0
40628,0
27916,0
2995,0
38507,0
18007,0
22633,0
26819,0
23592,0
21937,0
9964,0
22738,0
20720,0
32523,0
34414,0
21464,0
11148,0
38920,0
20792,0
35493,0
34958,0
870,0
40641,0
23033,0
24850,0
12940,0
4168,0
26742,0
32812,0
23835,0
15760,0
36942,0
27573,0
29564,0
7624,0
21064,0
22587,0
17184,0
10847,0
7627,0
6036,0
26600,0
34747,0
38861,0
34263,0
12503,0
1585,0
33056,0
11716,0
31607,0
35338,0
38674,0
16962,0
37479,0
23568,0
17283,0
27651,0
32915,0
9213,0
9488,0
35485,0
28087,0
27941,0
40920,0
5560,0
39234,0
12185,0
5339,0
14468,0
13577,0
27275,0
14106,0
22013,0
9269,0
11823,0
42732,0
2351,0
2219,0
21803,0
25332,0
39486,0
8950,0
5755,0
11767,0
13535,0
11696,0
7774,0
7387,0
19774,0
16639,0
120,0
24171,0
6019,0
10911,0
11783,0
11523,0
23601,0
29079,0
32014,0
24994,0
2749,0
14267,0
44995,0
9024,0
17264,0
26238,0
32928,0
36072,0
21078,0
27063,0
4004,0
27068,0
38071,0
22628,0
24184,0
28212,0
20051,0
34874,0
37794,0
44769,1
22354,1
43442,1
44489,1
40140,1
39390,1
39689,1
22846,1
15451,1
44765,1
25467,1
41744,1
44555,1
40253,1
42267,1
43889,1
40761,1
40702,1
28924,1
18531,1
9143,1
38844,1
33871,1
40893,1
42848,1
42172,1
15818,1
35965,1
43929,1
24565,1
36670,1
42542,1
42153,1
43838,1
33873,1
40440,1
19537,1
25471,1
12347,1
43005,1
39910,1
24058,1
8084,1
32099,1
44262,1
44445,1
38271,1
41621,1
39675,1
44494,1
44858,1
40998,1
21226,1
31111,1
42521,1
43902,1
42803,1
31072,1
1193,1
41502,1
43762,1
44229,1
39517,1
42955,1
18437,1
31163,1
39816,1
40453,1
19445,1
44814,1
42133,1
6683,1
31784,1
43781,1
34208,1
33697,1
41121,1
19839,1
13666,1
43015,1
41344,1
9442,1
42772,1
23191,1
19112,1
45126,1
39412,1
14698,1
20122,1
12320,1
17709,1
24926,1
42627,1
42248,1
44692,1
42395,1
38300,1
40047,1
39874,1
28274,1
36599,1
41559,1
32959,1
34794,1
19377,1
37336,1
45195,1
41515,1
31556,1
15512,1
7164,1
42309,1
43487,1
42620,1
38262,1
32088,1
32866,1
42966,1
43213,1
16900,1
43507,1
44408,1
43680,1
40884,1
38545,1
3519,1
5768,1
29291,1
40344,1
44162,1
31180,1
43631,1
29500,1
16728,1
44205,1
33723,1
31226,1
16247,1
10593,1
6162,1
22150,1
43575,1
10442,1
40072,1
42173,1
12276,1
39741,1
24078,1
42953,1
41935,1
42370,1
43041,1
40128,1
12159,1
43031,1
43679,1
33961,1
41492,1
43186,1
44339,1
39717,1
45083,1
40363,1
24108,1
20372,1
43352,1
8884,1
26100,1
32662,1
33337,1
42639,1
40183,1
44630,1
5057,1
39650,1
10824,1
42982,1
23594,1
37924,1
44255,1
21205,1
44468,1
25627,1
20012,1
14760,1
44157,1
34215,1
26028,1
11251,1
42350,1
43894,1
31831,1
39854,1
44608,1
33914,1
40034,1
41994,1
42859,1
32148,1
42348,1
31811,1
43697,1
29846,1
44798,1
44061,1
42699,1
3214,1
42646,1
40060,1
35550,1
4329,1
17764,1
44911,1
33195,1
34196,1
40820,1
39729,1
43387,1
10053,1
42332,1
41085,1
31282,1
37747,1
39823,1
31328,1
15198,1
3730,1
44287,1
43207,1
24509,1
29397,1
14958,1
41062,1
43055,1
16813,1
31191,1
43021,1
31431,1
29543,1
39605,1
44626,1
14728,1
44430,1
32865,1
4634,1
44030,1
15108,1
43734,1
2897,1
2483,1
31275,1
33460,1
44420,1
42578,1
43549,1
39471,1
13514,1
40127,1
44790,1
8706,1
40055,1
45177,1
44464,1
15529,1
6823,1
13464,1
33933,1
26502,1
24064,1
26565,1
32305,1
18171,1
8383,1
29934,1
42904,1
39214,1
31386,1
39819,1
11977,1
33707,1
30905,1
9961,1
39792,1
41020,1
42985,1
22022,1
40513,1
39243,1
16842,1
9947,1
16367,1
32391,1
9986,1
33882,1
11715,1
34108,1
41122,1
42535,1
40219,1
45039,1
42817,1
41953,1
17292,1
36752,1
20725,1
33911,1
45192,1
44549,1
39835,1
31049,1
4607,1
44463,1
45121,1
39457,1
24177,1
42089,1
22184,1
43933,1
43852,1
24173,1
41531,1
31057,1
43501,1
35791,1
42861,1
40616,1
42915,1
44984,1
42834,1
42931,1
42419,1
42403,1
32051,1
39358,1
40217,1
43370,1
31219,1
33992,1
15464,1
33045,1
32505,1
7090,1
40979,1
24158,1
41596,1
39136,1
37330,1
38732,1
6821,1
40163,1
129,1
21244,1
36834,1
15041,1
20434,1
43637,1
38367,1
43178,1
17579,1
28994,1
43131,1
8213,1
38156,1
37377,1
34142,1
43673,1
38418,1
2053,1
24159,1
43049,1
30086,1
40478,1
43106,1
41674,1
28066,1
42628,1
42036,1
14643,1
34047,1
20603,1
29524,1
44792,1
38378,1
2404,1
24152,1
44193,1
12534,1
29501,1
41320,1
43791,1
9836,1
29493,1
30548,1
44763,1
43594,1
39351,1
42413,1
41912,1
36654,1
31131,1
33929,1
27023,1
34893,1
20291,1
19117,1
44095,1
31526,1
42844,1
42210,1
18243,1
44329,1
16881,1
43701,1
23610,1
42674,1
44526,1
20009,1
3701,1
44352,1
3500,1
43420,1
44035,1
12882,1
43262,1
34161,1
31453,1
33020,1
40203,1
30293,1
5024,1
44534,1
1372,1
27191,1
43605,1
27060,1
24089,1
39508,1
35454,1
40617,1
18165,1
37047,1
35968,1
15755,1
34220,1
31283,1
44791,1
40061,1
33335,1
44424,1
40861,1
41204,1
34234,1
44835,1
28965,1
44470,1
32679,1
19369,1
39758,1
44316,1
42406,1
41787,1
44289,1
43348,1
41193,1
44497,1
43737,1
31758,1
34502,1
44461,1
38569,1
31875,1
29832,1
29376,1
40447,1
41487,1
41576,1
39367,1
15122,1
42390,1
41201,1
40276,1
42866,1
25882,1
15389,1
36536,1
34391,1
25692,1
33881,1
40049,1
44891,1
20824,1
27532,1
45078,1
44375,1
30176,1
30910,1
44788,1
45207,1
20731,1
37673,1
40326,1
36804,1
18516,1
39419,1
35875,1
30803,1
7637,1
26110,1
41910,1
4431,1
31630,1
19045,1
41704,1
22533,1
44409,1
33794,1
15343,1
31158,1
40489,1
31077,1
40012,1
40611,1
42371,1
23173,1
43973,1
44748,1
27495,1
13914,1
34150,1
31886,1
45073,1
36595,1
43998,1
41913,1
42504,1
42918,1
3557,1
41641,1
43331,1
40590,1
26251,1
11865,1
40886,1
14905,1
42633,1
44204,1
44082,1
20454,1
42130,1
35120,1
6751,1
17780,1
20737,1
31251,1
32463,1
26985,1
42254,1
44622,1
42043,1
26044,1
21117,1
36516,1
19613,1
31153,1
10164,1
44063,1
34908,1
14619,1
41962,1
24074,1
42938,1
31372,1
38409,1
32152,1
44862,1
18382,1
31269,1
42947,1
24062,1
5976,1
20856,1
39391,1
33930,1
43462,1
27096,1
32000,1
36829,1
42891,1
37357,1
22679,1
29272,1
38955,1
45109,1
12491,1
11739,1
8889,1
42613,1
31856,1
37940,1
18540,1
41638,1
33271,1
44612,1
34791,1
42449,1
44163,1
39086,1
41245,1
42544,1
41072,1
23775,1
43834,1
39957,1
42782,1
44495,1
30053,1
29448,1
43958,1
43585,1
45081,1
39371,1
43383,1
3190,1
1416,1
27091,1
25901,1
24976,1
41714,1
39996,1
42867,1
21021,1
33928,1
10285,1
43261,1
20968,1
31789,1
14726,1
31807,1
3193,1
39516,1
2545,1
41508,1
14160,1
2377,1
15713,1
14667,1
35746,1
24061,1
42277,1
19060,1
45131,1
41465,1
31061,1
41582,1
43409,1
16140,1
28728,1
40442,1
43966,1
42246,1
43023,1
44019,1
44098,1
31278,1
16499,1
44026,1
44893,1
30136,1
39524,1
31100,1
42950,1
38491,1
43122,1
40143,1
41340,1
40522,1
43827,1
28696,1
42598,1
42810,1
43255,1
41273,1
42439,1
19114,1
31201,1
42559,1
41683,1
26270,1
43925,1
15817,1
37623,1
13913,1
21325,1
42895,1
39267,1
31988,1
23181,1
44738,1
16517,1
16187,1
40699,1
25845,1
41104,1
41884,1
42481,1
5973,1
42228,1
31492,1
29522,1
32273,1
40874,1
45028,1
43725,1
37478,1
31460,1
44272,1
18020,1
42979,1
42444,1
27742,1
31359,1
44453,1
37811,1
45086,1
41083,1
29844,1
10555,1
9476,1
10454,1
30508,1
43760,1
44299,1
31196,1
2955,1
22481,1
42361,1
19231,1
41101,1
13177,1
42117,1
40653,1
39361,1
17228,1
43128,1
32388,1
44024,1
40039,1
41503,1
41481,1
41552,1
34107,1
42175,1
9040,1
41595,1
43350,1
41310,1
39724,1
43513,1
45168,1
19119,1
14685,1
33736,1
29249,1
17245,1
25739,1
26580,1
26437,1
33722,1
13927,1
1273,1
43385,1
18238,1
6800,1
43916,1
31402,1
45157,1
37080,1
39973,1
29944,1
41923,1
42600,1
20583,1
44183,1
34045,1
19994,1
42730,1
44004,1
44149,1
32357,1
5959,1
44614,1
43792,1
44550,1
41747,1
38975,1
40537,1
43684,1
42554,1
32770,1
40825,1
5803,1
43807,1
32141,1
44144,1
2486,1
40705,1
25607,1
40879,1
8570,1
35259,1
35080,1
14155,1
39464,1
19094,1
19479,1
31337,1
19285,1
26393,1
31378,1
40258,1
29865,1
40444,1
37309,1
40056,1
28284,1
24922,1
42091,1
31837,1
32023,1
17344,1
42756,1
32553,1
35447,1
19169,1
40149,1
44962,1
36419,1
41555,1
44961,1
27555,1
17104,1
41847,1
29167,1
40401,1
27234,1
33688,1
44097,1
43160,1
44159,1
13473,1
21876,1
9011,1
44432,1
45137,1
16042,1
43609,1
41928,1
41283,1
21387,1
33242,1
39009,1
19004,1
21781,1
41246,1
44152,1
40130,1
27269,1
45099,1
42178,1
34113,1
24137,1
43577,1
44821,1
41030,1
42696,1
43518,1
41904,1
11781,1
3835,1
44196,1
44729,1
43220,1
20633,1
41159,1
40559,1
39925,1
38855,1
39970,1
10109,1
22037,1
43299,1
29849,1
42644,1
42853,1
43076,1
34175,1
34322,1
42512,1
42278,1
41613,1
45060,1
39460,1
44039,1
10416,1
43731,1
32338,1
43319,1
43025,1
3454,1
41497,1
31924,1
17362,1
35637,1
42970,1
34755,1
33867,1
31146,1
31285,1
40441,1
7668,1
32179,1
44265,1
5888,1
43256,1
33508,1
40301,1
41639,1
43800,1
40631,1
43393,1
41924,1
44665,1
15373,1
33884,1
40569,1
11254,1
34152,1
27177,1
31214,1
19282,1
43464,1
44099,1
44429,1
17912,1
31006,1
33100,1
40408,1
43148,1
31413,1
42008,1
42229,1
42677,1
38949,1
34001,1
34193,1
42665,1
41411,1
29293,1
43305,1
44618,1
26504,1
31132,1
42581,1
42783,1
32892,1
41135,1
12824,1
45097,1
31109,1
12735,1
13083,1
40077,1
25328,1
42258,1
41293,1
43597,1
7590,1
42541,1
20736,1
11777,1
31764,1
44398,1
29024,1
39520,1
15352,1
34081,1
41173,1
41189,1
33986,1
28981,1
40744,1
43851,1
44032,1
35861,1
31432,1
39054,1
39851,1
38392,1
41755,1
40065,1
18072,1
16023,1
41549,1
40701,1
43747,1
33742,1
44043,1
42216,1
12727,1
34638,1
42292,1
31987,1
44760,1
22234,1
26544,1
44815,1
31377,1
7851,1
11351,1
44759,1
44817,1
42961,1
34062,1
39686,1
22377,1
12249,1
41248,1
45067,1
43282,1
33134,1
19221,1
43730,1
44215,1
36171,1
31200,1
21548,1
15092,1
16471,1
41934,1
21080,1
41614,1
41955,1
44783,1
41032,1
44132,1
21114,1
7916,1
19155,1
27021,1
20374,1
33717,1
32167,1
19134,1
15263,1
45072,1
29985,1
44320,1
43432,1
44632,1
43403,1
26208,1
44208,1
44972,1
43975,1
31123,1
38152,1
43570,1
13545,1
42759,1
35167,1
44855,1
16199,1
33017,1
39651,1
41263,1
16523,1
38759,1
40868,1
42564,1
39616,1
43071,1
44887,1
19672,1
40350,1
41514,1
43771,1
24098,1
33943,1
33735,1
42259,1
2650,1
31374,1
44403,1
42547,1
38483,1
4719,1
39968,1
31939,1
44077,1
42014,1
39714,1
34768,1
41793,1
18956,1
38363,1
40298,1
31253,1
40074,1
4948,1
33963,1
7767,1
42086,1
43521,1
31506,1
39060,1
41728,1
39947,1
12686,1
41170,1
6874,1
27541,1
40207,1
32117,1
38286,1
40719,1
41773,1
31082,1
44781,1
44179,1
33832,1
43780,1
42846,1
44744,1
38628,1
36005,1
36726,1
38869,1
42339,1
11841,1
43263,1
40405,1
42963,1
32567,1
42334,1
21125,1
42684,1
45096,1
31075,1
44800,1
40800,1
42893,1
42519,1
41532,1
19730,1
19178,1
41872,1
43624,1
44450,1
43633,1
44819,1
20624,1
20627,1
10147,1
44281,1
43065,1
30469,1
40419,1
44931,1
20498,1
36907,1
42304,1
44823,1
30245,1
26324,1
27233,1
42954,1
42739,1
44784,1
39554,1
24116,1
14203,1
31054,1
15438,1
42523,1
42927,1
41703,1
40299,1
13107,1
44093,1
9205,1
45208,1
41153,1
25555,1
32424,1
24143,1
42040,1
25909,1
40650,1
42171,1
24081,1
24651,1
33919,1
43154,1
17130,1
34148,1
43392,1
44867,1
41917,1
40574,1
24725,1
5483,1
694,1
27765,1
44714,1
41606,1
40917,1
41861,1
32110,1
39638,1
41956,1
27751,1
33754,1
16960,1
42061,1
40392,1
43796,1
44487,1
45166,1
28095,1
30300,1
9237,1
41862,1
43468,1
39452,1
20575,1
4271,1
40394,1
40495,1
16762,1
33922,1
42983,1
44830,1
33488,1
42526,1
31339,1
16637,1
42364,1
35510,1
31280,1
42268,1
25948,1
39395,1
35786,1
26821,1
6112,1
32005,1
40071,1
44194,1
39972,1
41216,1
9319,1
44439,1
39647,1
31321,1
6918,1
41979,1
44368,1
34021,1
31234,1
43231,1
38928,1
13466,1
43077,1
44808,1
37714,1
3712,1
41571,1
27396,1
41902,1
34976,1
44828,1
31327,1
9025,1
42763,1
31903,1
43603,1
40640,1
40698,1
40446,1
36609,1
8755,1
43335,1
5575,1
22687,1
33737,1
44327,1
43431,1
44853,1
38394,1
43284,1
43067,1
37735,1
34209,1
34011,1
42234,1
31394,1
40461,1
41957,1
43817,1
2821,1
33908,1
19764,1
44652,1
39863,1
43699,1
41554,1
34655,1
36583,1
10097,1
42849,1
31190,1
44801,1
44275,1
27088,1
569,1
29853,1
41334,1
12796,1
42958,1
31301,1
32324,1
18319,1
33920,1
40245,1
42060,1
42485,1
43099,1
13057,1
9434,1
4136,1
16291,1
33430,1
44197,1
41134,1
44416,1
39846,1
25932,1
40079,1
43059,1
8760,1
24075,1
33455,1
38960,1
34024,1
45203,1
41300,1
34051,1
31326,1
20023,1
33803,1
43811,1
11838,1
39954,1
31124,1
45038,1
44635,1
24080,1
26250,1
41789,1
31661,1
43016,1
26579,1
34160,1
42683,1
45090,1
41440,1
43481,1
44689,1
39791,1
26216,1
16885,1
27777,1
41788,1
42188,1
41436,1
43313,1
13155,1
44745,1
37687,1
44173,1
13801,1
17110,1
42367,1
31650,1
43942,1
34246,1
44725,1
37140,1
36514,1
43702,1
16230,1
42843,1
12758,1
39209,1
44793,1
9578,1
34165,1
1806,1
44561,1
15312,1
3982,1
32585,1
39762,1
42142,1
40054,1
18015,1
39840,1
43840,1
43926,1
43269,1
32759,1
7611,1
33788,1
34055,1
34291,1
44232,1
44845,1
40347,1
15966,1
42840,1
44354,1
40887,1
31660,1
43749,1
34083,1
41205,1
42080,1
33436,1
41493,1
28309,1
40383,1
14456,1
36855,1
33798,1
43772,1
37949,1
24771,1
20017,1
41404,1
40634,1
15392,1
38229,1
25562,1
8340,1
45031,1
17094,1
12650,1
34139,1
40093,1
13201,1
15748,1
39459,1
20316,1
43696,1
42986,1
31064,1
43846,1
43146,1
15220,1
43898,1
44108,1
34517,1
45124,1
42724,1
40146,1
9825,1
39908,1
43434,1
33512,1
42988,1
7866,1
8817,1
30909,1
31281,1
20823,1
39039,1
20131,1
30959,1
45013,1
42557,1
24055,1
31129,1
8787,1
42195,1
3331,1
34003,1
42461,1
7635,1
41993,1
31383,1
43556,1
35593,1
43480,1
32114,1
32038,1
41068,1
2388,1
42676,1
41227,1
7555,1
15720,1
44249,1
45066,1
41603,1
16274,1
40952,1
42407,1
42502,1
17878,1
44527,1
42775,1
45011,1
42804,1
20407,1
24179,1
33086,1
45092,1
43206,1
42496,1
44496,1
42693,1
39521,1
3378,1
37242,1
43652,1
43470,1
44610,1
12899,1
42806,1
1688,1
44334,1
27715,1
43561,1
44674,1
43390,1
8160,1
43109,1
41230,1
42477,1
41648,1
44826,1
13272,1
2347,1
40355,1
44552,1
40393,1
34151,1
6021,1
40081,1
5932,1
37584,1
41932,1
42978,1
41518,1
33510,1
1767,1
42872,1
42529,1
42491,1
35414,1
13799,1
28903,1
33753,1
9453,1
42438,1
9044,1
39702,1
31309,1
42253,1
26968,1
12795,1
43081,1
43033,1
14797,1
38180,1
42643,1
44565,1
7739,1
35230,1
11316,1
41168,1
43191,1
9107,1
31101,1
43223,1
29464,1
34186,1
43050,1
23546,1
12323,1
40421,1
40809,1
43460,1
43859,1
10484,1
40528,1
34182,1
17729,1
31277,1
41796,1
15838,1
34374,1
26776,1
42029,1
4675,1
43240,1
45196,1
42125,1
37580,1
44518,1
37706,1
37055,1
19690,1
43233,1
31080,1
34740,1
38099,1
32868,1
31120,1
40451,1
40689,1
41405,1
34273,1
42944,1
37514,1
34483,1
38921,1
11192,1
33715,1
39122,1
45046,1
42460,1
40613,1
12247,1
41848,1
31441,1
37990,1
10683,1
8442,1
5034,1
42637,1
38248,1
15415,1
40330,1
44852,1
34069,1
39251,1
43940,1
43961,1
22813,1
40904,1
44312,1
40588,1
41782,1
34087,1
30481,1
24178,1
30692,1
23356,1
39780,1
446,1
30501,1
35821,1
27885,1
6598,1
39937,1
41936,1
42002,1
21448,1
44141,1
42576,1
40375,1
34566,1
14591,1
41468,1
40497,1
43777,1
41048,1
39690,1
39942,1
39629,1
43017,1
43499,1
3829,1
44934,1
43066,1
31317,1
40799,1
43032,1
42203,1
3571,1
44094,1
31147,1
31206,1
12495,1
44274,1
41307,1
16473,1
43965,1
40862,1
28722,1
33744,1
42220,1
4509,1
44643,1
24102,1
43907,1
39154,1
43197,1
11762,1
33921,1
41172,1
31265,1
42034,1
27123,1
42466,1
37142,1
43467,1
44654,1
42784,1
22875,1
24782,1
45125,1
42635,1
40264,1
44395,1
43923,1
44940,1
42680,1
41484,1
3681,1
41842,1
30679,1
42880,1
31421,1
31071,1
11507,1
40302,1
40404,1
14384,1
7674,1
19291,1
44261,1
42774,1
18026,1
13721,1
39549,1
29613,1
19336,1
43808,1
44613,1
44499,1
34241,1
35192,1
34361,1
31398,1
16121,1
42497,1
44050,1
44435,1
43381,1
41865,1
21422,1
31401,1
44506,1
43123,1
41655,1
31271,1
5542,1
33793,1
43563,1
38968,1
44751,1
31264,1
42874,1
39525,1
40902,1
34996,1
41228,1
44521,1
41371,1
38712,1
17762,1
40643,1
42516,1
44935,1
31242,1
42318,1
44560,1
36161,1
43484,1
40835,1
24103,1
43897,1
39766,1
40807,1
31771,1
32072,1
41906,1
42213,1
7464,1
25611,1
13317,1
25732,1
42408,1
43053,1
18884,1
44871,1
41315,1
19044,1
31178,1
39527,1
41335,1
24921,1
32195,1
41899,1
28551,1
40231,1
44318,1
18999,1
30718,1
27441,1
34094,1
43655,1
13638,1
44538,1
35026,1
42447,1
42109,1
42457,1
44829,1
41866,1
43535,1
41444,1
5342,1
44072,1
41536,1
42930,1
16901,1
14150,1
37106,1
4035,1
27050,1
41139,1
34082,1
37371,1
41585,1
31230,1
34463,1
44307,1
26246,1
18894,1
19823,1
43598,1
28190,1
42197,1
43253,1
16545,1
34089,1
40068,1
44844,1
44106,1
42319,1
41696,1
22409,1
31329,1
33767,1
36889,1
41056,1
43024,1
44317,1
43238,1
13067,1
39939,1
18736,1
16897,1
44225,1
44583,1
15736,1
42933,1
15823,1
14423,1
32037,1
38544,1
34085,1
45094,1
33783,1
42877,1
17870,1
1832,1
44532,1
31419,1
40961,1
22171,1
17031,1
31370,1
22267,1
35553,1
34575,1
42630,1
17087,1
31311,1
45204,1
13066,1
30215,1
40723,1
43399,1
38889,1
24134,1
42081,1
20567,1
41812,1
31333,1
42347,1
24094,1
23826,1
43700,1
42035,1
24111,1
37190,1
43336,1
31030,1
8731,1
44089,1
40053,1
41658,1
5470,1
37506,1
40676,1
39518,1
40222,1
40618,1
41452,1
25662,1
42794,1
31712,1
40734,1
41345,1
37415,1
29898,1
44762,1
29895,1
12056,1
32199,1
12623,1
19062,1
33518,1
42046,1
42038,1
44651,1
43950,1
45175,1
42755,1
44619,1
40334,1
43879,1
43281,1
41781,1
42567,1
17280,1
44462,1
34366,1
39966,1
43039,1
44884,1
38170,1
44336,1
43806,1
40275,1
44529,1
13111,1
42270,1
44994,1
42565,1
45102,1
22116,1
35129,1
44399,1
37596,1
44454,1
42602,1
44018,1
39779,1
40131,1
42655,1
42163,1
43473,1
44389,1
43607,1
44503,1
43542,1
40724,1
45156,1
44991,1
40067,1
27515,1
43283,1
43779,1
40728,1
40443,1
10154,1
9123,1
39493,1
34965,1
40757,1
5499,1
43583,1
41967,1
30533,1
41939,1
44347,1
40108,1
34350,1
41856,1
42787,1
42138,1
33983,1
39872,1
31010,1
30091,1
40555,1
42141,1
20410,1
43829,1
21224,1
9671,1
2474,1
42287,1
40112,1
40878,1
35533,1
39867,1
31315,1
11617,1
24070,1
44443,1
29202,1
33853,1
42550,1
41296,1
31238,1
40656,1
24039,1
40521,1
42631,1
44795,1
44228,1
27330,1
23471,1
33872,1
1247,1
13944,1
35200,1
35078,1
37663,1
20082,1
41163,1
39665,1
37690,1
16356,1
43531,1
37117,1
44904,1
14932,1
41560,1
43565,1
40085,1
37390,1
31434,1
41472,1
43642,1
27551,1
39811,1
25076,1
43144,1
41682,1
43435,1
34898,1
32312,1
42088,1
44110,1
33734,1
40031,1
42585,1
26518,1
39663,1
41963,1
42977,1
33815,1
15522,1
13690,1
42296,1
24107,1
2929,1
39978,1
44642,1
44230,1
43211,1
15686,1
33809,1
44879,1
38668,1
40630,1
42366,1
44092,1
41938,1
15192,1
43797,1
9209,1
23331,1
43361,1
42864,1
44419,1
24045,1
18001,1
41583,1
37272,1
42062,1
14829,1
28935,1
42626,1
40670,1
43770,1
43325,1
31452,1
43591,1
3294,1
14928,1
41958,1
40629,1
37511,1
26462,1
44047,1
11711,1
31843,1
44103,1
27436,1
31118,1
34359,1
39369,1
44437,1
43527,1
43482,1
40948,1
33876,1
35566,1
32887,1
39387,1
43384,1
19300,1
33802,1
44123,1
38561,1
45084,1
30364,1
40018,1
42661,1
39786,1
30917,1
15578,1
22465,1
40152,1
42221,1
43007,1
7926,1
32462,1
18320,1
44511,1
32028,1
4326,1
40342,1
27019,1
44641,1
21257,1
42952,1
33902,1
43104,1
41107,1
16426,1
43244,1
43788,1
21402,1
40172,1
22758,1
20859,1
23302,1
39456,1
43588,1
44397,1
41969,1
45149,1
30617,1
11590,1
34007,1
24115,1
44006,1
33877,1
43946,1
41573,1
31325,1
44330,1
43054,1
21627,1
31834,1
41294,1
31027,1
14217,1
43705,1
29265,1
40968,1
42290,1
41278,1
5055,1
10986,1
43472,1
42483,1
33484,1
44257,1
19833,1
26524,1
31009,1
41146,1
43257,1
42227,1
41739,1
41489,1
42799,1
41073,1
31069,1
24059,1
40624,1
31188,1
43038,1
41399,1
33790,1
24076,1
8014,1
19066,1
42180,1
43996,1
8832,1
40417,1
17279,1
43203,1
37304,1
18296,1
44087,1
42450,1
40609,1
33887,1
44663,1
40122,1
24172,1
38006,1
43990,1
13228,1
33706,1
31122,1
35688,1
40282,1
42079,1
39931,1
44556,1
4835,1
2845,1
13986,1
27574,1
32089,1
40218,1
41185,1
43010,1
43560,1
44171,1
42533,1
39025,1
43540,1
43463,1
41581,1
15860,1
42649,1
29267,1
33755,1
41831,1
42007,1
38697,1
26533,1
38155,1
34778,1
26782,1
10947,1
40854,1
41562,1
15847,1
33805,1
41903,1
31015,1
12755,1
44756,1
44226,1
39104,1
4427,1
32039,1
14519,1
36845,1
41528,1
35264,1
42964,1
43686,1
16420,1
30105,1
39787,1
40019,1
20734,1
34197,1
42737,1
9265,1
40084,1
41556,1
41482,1
37817,1
41427,1
11127,1
42545,1
34313,1
42078,1
26330,1
36617,1
42850,1
44231,1
41690,1
42935,1
43615,1
40647,1
26192,1
40205,1
44500,1
31996,1
11510,1
31399,1
11735,1
41611,1
43195,1
43641,1
41391,1
34145,1
27294,1
44046,1
39881,1
40220,1
42744,1
44150,1
31414,1
43488,1
42187,1
31105,1
31319,1
32296,1
12718,1
17182,1
43536,1
43421,1
44780,1
20228,1
19251,1
44267,1
43192,1
5705,1
43322,1
7543,1
41439,1
41286,1
27105,1
1172,1
39790,1
14149,1
35504,1
43490,1
44160,1
42972,1
36562,1
42295,1
39752,1
17380,1
43967,1
26542,1
34046,1
31482,1
34317,1
34308,1
39455,1
31351,1
42835,1
24099,1
43064,1
44176,1
37622,1
39583,1
34032,1
41840,1
45058,1
44898,1
9134,1
41143,1
41965,1
24161,1
40233,1
33536,1
21119,1
37349,1
42264,1
41198,1
34200,1
21088,1
35559,1
43218,1
15175,1
44115,1
29782,1
43411,1
39975,1
42048,1
14853,1
24106,1
23072,1
30192,1
22363,1
43649,1
16454,1
20814,1
18216,1
2870,1
31367,1
43751,1
45148,1
35461,1
34013,1
31418,1
28239,1
42128,1
42189,1
9069,1
31103,1
43245,1
20805,1
31222,1
43260,1
42688,1
33994,1
5194,1
16598,1
40908,1
23149,1
42225,1
14562,1
44540,1
13474,1
43110,1
10157,1
42265,1
9380,1
38316,1
10217,1
39098,1
34344,1
33024,1
44390,1
10380,1
22212,1
891,1
38527,1
14398,1
27559,1
43818,1
11119,1
43173,1
38379,1
40781,1
42136,1
43587,1
13759,1
42196,1
20617,1
43704,1
34020,1
39865,1
31047,1
41066,1
41946,1
36110,1
33907,1
27024,1
7242,1
42624,1
44580,1
42249,1
28977,1
5546,1
40752,1
41547,1
15703,1
43400,1
38927,1
877,1
34211,1
44236,1
43674,1
19219,1
45134,1
44557,1
14871,1
32817,1
43296,1
41959,1
4377,1
24979,1
34466,1
40437,1
42656,1
43044,1
34372,1
42936,1
10329,1
40101,1
42336,1
31016,1
28485,1
35594,1
34097,1
42697,1
42664,1
43733,1
12250,1
24071,1
33879,1
8744,1
20268,1
41022,1
5669,1
17903,1
45003,1
42701,1
23210,1
40829,1
11859,1
17899,1
40422,1
7048,1
14319,1
40412,1
6774,1
44105,1
43864,1
44990,1
40479,1
30594,1
10959,1
10070,1
43194,1
42716,1
13104,1
13480,1
13993,1
43790,1
39888,1
43690,1
37093,1
21225,1
30787,1
44013,1
31352,1
14221,1
24139,1
35268,1
44436,1
19924,1
44670,1
40204,1
34475,1
43756,1
40828,1
18050,1
41116,1
30154,1
43860,1
31588,1
36538,1
45116,1
32824,1
31053,1
43360,1
42222,1
41771,1
1520,1
30351,1
43254,1
11519,1
14848,1
44136,1
32106,1
40270,1
44279,1
33360,1
42767,1
40668,1
42798,1
41353,1
41743,1
34095,1
44224,1
42314,1
1370,1
6006,1
1646,1
40987,1
31150,1
2767,1
9340,1
40459,1
36559,1
42856,1
41644,1
42082,1
42999,1
36287,1
27645,1
27382,1
43671,1
6854,1
44570,1
43613,1
43004,1
2882,1
29194,1
16864,1
35957,1
43533,1
41014,1
474,1
41948,1
20745,1
43073,1
38934,1
43519,1
40035,1
42629,1
41951,1
43310,1
35306,1
42263,1
34063,1
43102,1
45017,1
43198,1
11618,1
12728,1
40171,1
25925,1
31126,1
34235,1
20288,1
44253,1
43752,1
13807,1
39107,1
42981,1
31920,1
31240,1
34641,1
39604,1
43424,1
27567,1
12359,1
45037,1
21970,1
43396,1
44311,1
39340,1
21207,1
31914,1
44623,1
42994,1
17131,1
32687,1
43405,1
1671,1
40132,1
37668,1
33946,1
43640,1
39959,1
33700,1
14649,1
40681,1
10871,1
44655,1
43892,1
25322,1
29331,1
19972,1
45185,1
43149,1
43034,1
40339,1
3749,1
44473,1
42073,1
40947,1
13686,1
21757,1
37250,1
39424,1
22127,1
36601,1
26434,1
43517,1
43316,1
33982,1
41836,1
38463,1
43610,1
31237,1
44241,1
41306,1
39951,1
40366,1
43512,1
18081,1
39552,1
40414,1
39754,1
43157,1
44547,1
41410,1
43941,1
40449,1
44551,1
43874,1
40139,1
45120,1
42194,1
12998,1
29747,1
42462,1
22335,1
42785,1
43922,1
34028,1
40434,1
43722,1
42478,1
43675,1
42281,1
43030,1
33974,1
1087,1
32111,1
33931,1
14033,1
14744,1
16724,1
44737,1
39875,1
40925,1
41451,1
14222,1
2485,1
43451,1
13731,1
43924,1
37806,1
31415,1
43465,1
42472,1
34937,1
31035,1
42862,1
41772,1
42889,1
22420,1
34026,1
31639,1
41589,1
39879,1
31738,1
33948,1
44779,1
37756,1
23204,1
40813,1
44374,1
43599,1
1691,1
44020,1
39677,1
34101,1
27036,1
36261,1
43190,1
44575,1
43706,1
3830,1
44695,1
14682,1
8017,1
30191,1
31046,1
43333,1
42122,1
42745,1
41297,1
32603,1
34199,1
42482,1
44021,1
39565,1
29488,1
42710,1
24425,1
28098,1
43913,1
29822,1
18625,1
43574,1
15321,1
33890,1
44442,1
20296,1
34080,1
13831,1
41125,1
27658,1
24160,1
31395,1
31964,1
31183,1
42860,1
24622,1
29792,1
39547,1
44297,1
33967,1
40457,1
40506,1
41220,1
43515,1
44809,1
29658,1
28969,1
12089,1
40279,1
16996,1
33699,1
40546,1
42360,1
31250,1
45004,1
31985,1
38752,1
34316,1
11740,1
13298,1
44998,1
42177,1
33691,1
31187,1
31572,1
5515,1
20833,1
26839,1
849,1
42410,1
41021,1
44697,1
32155,1
6626,1
5856,1
43538,1
15443,1
44536,1
39492,1
22742,1
40249,1
31014,1
15358,1
41418,1
42851,1
39535,1
32059,1
33115,1
40733,1
44733,1
44187,1
41115,1
21492,1
8139,1
31846,1
21791,1
3548,1
32736,1
43530,1
31443,1
44129,1
30859,1
42802,1
22650,1
43058,1
6838,1
39884,1
30627,1
25418,1
39500,1
40199,1
34146,1
24068,1
39961,1
42357,1
40411,1
12447,1
42283,1
39406,1
42144,1
43767,1
34128,1
37395,1
39415,1
41579,1
34807,1
39519,1
34123,1
43105,1
33713,1
43221,1
43862,1
44120,1
17368,1
37095,1
44254,1
19894,1
31044,1
15659,1
34064,1
11335,1
44519,1
40477,1
40594,1
40025,1
41809,1
39106,1
42257,1
43483,1
40337,1
44702,1
38103,1
40402,1
45162,1
33827,1
36801,1
15017,1
26193,1
15149,1
40323,1
44382,1
36731,1
13458,1
40552,1
39474,1
33719,1
41786,1
25457,1
31085,1
32076,1
42294,1
33110,1
44008,1
44146,1
33808,1
42669,1
7123,1
31094,1
40436,1
36974,1
2507,1
5236,1
43433,1
36865,1
42634,1
28661,1
25235,1
44457,1
15510,1
41210,1
42067,1
8646,1
44268,1
19099,1
37158,1
26935,1
33718,1
34406,1
43672,1
40731,1
42748,1
9499,1
39487,1
24050,1
15180,1
43841,1
42778,1
10417,1
31369,1
43947,1
44315,1
12145,1
33776,1
44857,1
33205,1
19922,1
39400,1
37780,1
12652,1
42006,1
42493,1
34147,1
35738,1
40564,1
42575,1
31199,1
31198,1
38690,1
26287,1
42571,1
31508,1
40490,1
43614,1
26843,1
24130,1
36873,1
33505,1
41232,1
25251,1
40472,1
39793,1
4455,1
17083,1
15311,1
34058,1
45193,1
37440,1
44392,1
19888,1
45205,1
21924,1
24998,1
33207,1
26887,1
42657,1
17473,1
42941,1
4753,1
3509,1
41605,1
41498,1
14484,1
31433,1
44820,1
42825,1
44213,1
4682,1
38468,1
37017,1
21909,1
42192,1
15413,1
33854,1
40488,1
20666,1
43524,1
43590,1
31407,1
4090,1
40815,1
19487,1
42980,1
42191,1
23473,1
42503,1
34005,1
6141,1
10989,1
44881,1
39921,1
31416,1
43719,1
31294,1
42993,1
27028,1
31084,1
40610,1
33703,1
41849,1
45113,1
31065,1
41264,1
44067,1
32196,1
39659,1
24274,1
37184,1
32349,1
17193,1
34125,1
44256,1
42256,1
26954,1
43602,1
42012,1
20591,1
40706,1
44531,1
43001,1
44631,1
40865,1
24088,1
41990,1
44407,1
42398,1
40863,1
43026,1
20631,1
31310,1
44757,1
43822,1
8034,1
26371,1
43028,1
40707,1
42858,1
44239,1
43402,1
39099,1
1863,1
31017,1
43647,1
43249,1
17455,1
40642,1
43040,1
40305,1
24270,1
35118,1
43345,1
24709,1
42169,1
35057,1
19018,1
44910,1
43572,1
42474,1
40294,1
33824,1
37651,1
31182,1
9581,1
31184,1
42974,1
33748,1
44979,1
41927,1
38449,1
45188,1
40810,1
33823,1
7191,1
18195,1
27228,1
41591,1
44465,1
43084,1
33704,1
37518,1
38477,1
37692,1
33868,1
31392,1
33290,1
44401,1
44469,1
45133,1
8392,1
42956,1
25563,1
9774,1
4866,1
40683,1
4818,1
31135,1
44486,1
44113,1
43242,1
10278,1
31396,1
41089,1
38011,1
41608,1
32144,1
10726,1
19128,1
44703,1
44406,1
8572,1
43516,1
32246,1
20621,1
45071,1
26562,1
40170,1
43139,1
43252,1
14889,1
43721,1
44185,1
41065,1
31244,1
14364,1
15094,1
42044,1
40119,1
30865,1
44739,1
44522,1
30732,1
44863,1
6451,1
42282,1
43904,1
32046,1
42291,1
5174,1
28881,1
24077,1
19489,1
40481,1
10299,1
44707,1
42013,1
5783,1
13936,1
42237,1
20400,1
14961,1
11146,1
43323,1
44797,1
30886,1
44816,1
39079,1
41930,1
45119,1
16855,1
42790,1
41834,1
45005,1
41987,1
28243,1
43089,1
42658,1
33493,1
43219,1
24079,1
41828,1
43568,1
33870,1
6270,1
3999,1
14648,1
19010,1
43080,1
22844,1
18005,1
40228,1
44973,1
9148,1
43380,1
29036,1
31083,1
39763,1
32364,1
29982,1
40142,1
7145,1
43936,1
44412,1
30644,1
43861,1
44447,1
40345,1
31429,1
3708,1
42538,1
43934,1
41169,1
43247,1
42989,1
43183,1
41858,1
33509,1
41332,1
39896,1
14101,1
41100,1
41365,1
22639,1
44508,1
44049,1
40087,1
41425,1
40853,1
19524,1
40184,1
34061,1
6773,1
38994,1
35805,1
40169,1
31149,1
16497,1
19249,1
43711,1
27122,1
3881,1
41937,1
14902,1
23221,1
38428,1
31840,1
40812,1
11846,1
43285,1
44731,1
40070,1
43745,1
39953,1
41047,1
41052,1
16067,1
20360,1
41354,1
44164,1
20041,1
20669,1
36792,1
8564,1
44694,1
44418,1
37316,1
40208,1
42286,1
41885,1
21810,1
1462,1
31802,1
32080,1
8628,1
27803,1
18771,1
29654,1
45075,1
37107,1
27823,1
25589,1
31446,1
43868,1
30538,1
42566,1
42204,1
14560,1
10948,1
10508,1
29064,1
42391,1
11546,1
42053,1
36756,1
43092,1
36465,1
42820,1
33953,1
43301,1
43228,1
38497,1
25701,1
30493,1
44970,1
31905,1
15179,1
34921,1
41617,1
26490,1
14297,1
42243,1
41000,1
37365,1
39976,1
45002,1
43243,1
45200,1
24275,1
35820,1
41080,1
13164,1
11725,1
43216,1
14353,1
39407,1
39096,1
31447,1
19766,1
44813,1
34071,1
33422,1
31819,1
42071,1
20203,1
43954,1
12009,1
43712,1
6184,1
37711,1
39958,1
42645,1
22938,1
20679,1
41221,1
36173,1
42511,1
36863,1
43158,1
25195,1
43761,1
37896,1
28997,1
31366,1
42607,1
38142,1
41894,1
44148,1
43803,1
24112,1
43620,1
40177,1
21209,1
30353,1
39630,1
38434,1
45206,1
31031,1
39997,1
32698,1
21176,1
44101,1
36844,1
44252,1
34153,1
41416,1
41926,1
44501,1
41982,1
35392,1
37710,1
42604,1
26598,1
41750,1
40257,1
31364,1
17260,1
41550,1
40735,1
1647,1
44865,1
41506,1
28220,1
43785,1
24527,1
44572,1
43176,1
43408,1
22644,1
35113,1
43107,1
43630,1
42137,1
29449,1
45155,1
31257,1
34336,1
34073,1
45074,1
30591,1
42779,1
32112,1
26015,1
34009,1
18518,1
20643,1
3324,1
44219,1
43787,1
29313,1
43006,1
14938,1
20849,1
43425,1
34332,1
39859,1
24126,1
43019,1
6391,1
9799,1
41377,1
34279,1
31919,1
38326,1
43682,1
43226,1
43578,1
35649,1
40889,1
8082,1
33765,1
31702,1
43035,1
41610,1
36922,1
42965,1
15238,1
31400,1
42733,1
9242,1
28237,1
42121,1
5144,1
44011,1
18848,1
18556,1
40182,1
42431,1
33820,1
27518,1
33937,1
31371,1
35814,1
44807,1
41711,1
8821,1
45043,1
39212,1
39821,1
36985,1
38728,1
37232,1
41149,1
43167,1
24441,1
8559,1
36809,1
43626,1
31276,1
27101,1
28901,1
28197,1
36575,1
45140,1
44515,1
32058,1
39704,1
40097,1
43239,1
43764,1
41860,1
42275,1
12357,1
41931,1
18189,1
45093,1
32068,1
44903,1
4042,1
3804,1
40718,1
43227,1
43509,1
14730,1
44750,1
24830,1
22926,1
44426,1
32202,1
35579,1
11526,1
44537,1
32288,1
44140,1
34167,1
41407,1
40247,1
32922,1
23265,1
13186,1
24390,1
45129,1
36233,1
44520,1
8186,1
41577,1
13174,1
42668,1
44772,1
28453,1
41236,1
36785,1
33393,1
21408,1
40023,1
29454,1
43274,1
26838,1
44717,1
42174,1
27440,1
14724,1
31962,1
38637,1
20882,1
44005,1
44937,1
43341,1
31254,1
43882,1
33307,1
42123,1
18410,1
33746,1
44346,1
40685,1
20746,1
33716,1
41985,1
41456,1
40200,1
42111,1
31090,1
7922,1
43398,1
31330,1
44411,1
44313,1
44081,1
33229,1
19241,1
31096,1
39017,1
27098,1
43334,1
43429,1
36692,1
9144,1
39920,1
43416,1
22404,1
44269,1
19277,1
41199,1
41933,1
43115,1
35226,1
37574,1
30992,1
44735,1
44069,1
42274,1
31173,1
43356,1
43789,1
36443,1
44133,1
42789,1
23437,1
13983,1
42326,1
32035,1
43579,1
32557,1
42054,1
33401,1
37993,1
36678,1
10542,1
8267,1
42241,1
43248,1
44023,1
8522,1
43653,1
12684,1
33968,1
42532,1
43651,1
19669,1
19022,1
30140,1
34945,1
39847,1
31672,1
32200,1
34213,1
42459,1
40504,1
44323,1
31536,1
22452,1
44975,1
31355,1
19873,1
1124,1
28931,1
37172,1
34169,1
8344,1
34953,1
39365,1
41742,1
15050,1
43307,1
31305,1
31868,1
44950,1
17187,1
31106,1
42199,1
14882,1
31293,1
33915,1
35033,1
31043,1
42968,1
43720,1
33959,1
24044,1
13439,1
40777,1
32265,1
44831,1
45197,1
40824,1
45057,1
32146,1
9900,1
41077,1
40102,1
24120,1
39955,1
44250,1
43000,1
44850,1
37328,1
43784,1
40672,1
1795,1
7659,1
13302,1
9087,1
20850,1
43309,1
16515,1
36452,1
44065,1
41396,1
38556,1
43479,1
38725,1
35364,1
26682,1
40267,1
39512,1
29288,1
4765,1
30491,1
31270,1
24083,1
42285,1
42184,1
44749,1
43504,1
41607,1
37410,1
40982,1
40138,1
43593,1
41737,1
34339,1
24090,1
44846,1
30357,1
43909,1
20236,1
42201,1
43802,1
42186,1
18068,1
16184,1
10049,1
39856,1
17028,1
44856,1
44510,1
33780,1
33985,1
33693,1
32160,1
44337,1
6337,1
30141,1
39416,1
31108,1
14569,1
20331,1
34038,1
29100,1
34176,1
31023,1
29343,1
7795,1
11702,1
32433,1
43181,1
31295,1
26683,1
41275,1
24109,1
41949,1
14784,1
10721,1
43347,1
41453,1
15117,1
44960,1
16145,1
43937,1
44542,1
4200,1
31334,1
40086,1
40833,1
44754,1
44455,1
41961,1
40157,1
44332,1
45187,1
43596,1
13523,1
40103,1
18919,1
44811,1
44158,1
34341,1
44657,1
39774,1
7480,1
30669,1
36871,1
44211,1
41749,1
34346,1
20681,1
24495,1
42051,1
42997,1
44376,1
44847,1
44324,1
39818,1
43911,1
30373,1
31626,1
31476,1
44189,1
32952,1
19212,1
44851,1
39986,1
42399,1
33431,1
26872,1
37099,1
7481,1
42393,1
42230,1
38653,1
39426,1
33698,1
44544,1
42329,1
17642,1
30058,1
44456,1
30539,1
30561,1
43363,1
41392,1
32309,1
42992,1
39889,1
41869,1
43047,1
15947,1
31850,1
16446,1
43349,1
39383,1
7324,1
41509,1
13701,1
40033,1
32654,1
3677,1
42176,1
39979,1
41095,1
44726,1
14817,1
28689,1
43891,1
43475,1
44888,1
43773,1
36819,1
3497,1
40969,1
42400,1
33747,1
41184,1
33786,1
34290,1
40750,1
4313,1
40615,1
28244,1
40793,1
1200,1
7666,1
40808,1
42232,1
43569,1
2720,1
36165,1
44492,1
43330,1
42244,1
43693,1
15719,1
45069,1
44827,1
83,1
44300,1
11252,1
41393,1
41231,1
41844,1
37512,1
34302,1
30806,1
35732,1
26961,1
19327,1
31235,1
41148,1
34050,1
43670,1
41920,1
44085,1
44340,1
10098,1
40680,1
41240,1
31877,1
30449,1
4916,1
43471,1
44266,1
43544,1
42386,1
20622,1
41338,1
41709,1
2799,1
40625,1
42580,1
44214,1
11619,1
44843,1
40370,1
43258,1
42242,1
512,1
3840,1
43415,1
44245,1
8718,1
37876,1
43193,1
40651,1
31380,1
42727,1
43547,1
44687,1
43503,1
43188,1
11985,1
14003,1
24085,1
16692,1
7914,1
44201,1
31331,1
41841,1
40632,1
26965,1
43150,1
44932,1
20245,1
33152,1
42362,1
43174,1
44016,1
7457,1
41428,1
37020,1
43506,1
43552,1
33340,1
43376,1
87,1
43427,1
39849,1
40413,1
31243,1
32471,1
42962,1
42951,1
11287,1
38237,1
31028,1
7379,1
37133,1
29828,1
42214,1
43456,1
41991,1
43187,1
3004,1
25561,1
15794,1
31849,1
38417,1
21020,1
34249,1
40379,1
32734,1
42723,1
45006,1
21296,1
28710,1
42030,1
14820,1
43466,1
39478,1
34066,1
44958,1
44629,1
41279,1
21858,1
42703,1
42534,1
3770,1
32027,1
41635,1
17060,1
43878,1
43750,1
32727,1
14841,1
8811,1
40658,1
38522,1
44524,1
40080,1
17546,1
42129,1
24174,1
44539,1
33043,1
5846,1
44951,1
43755,1
33087,1
40876,1
43042,1
43290,1
40710,1
31780,1
44624,1
35403,1
1140,1
33861,1
40940,1
41180,1
31799,1
21851,1
4941,1
43703,1
17697,1
40873,1
43694,1
41071,1
33759,1
24114,1
41473,1
42572,1
41363,1
29633,1
43498,1
33962,1
9515,1
26995,1
23231,1
37681,1
43573,1
21212,1
41833,1
42987,1
45178,1
24154,1
20842,1
9691,1
4402,1
20559,1
2328,1
41314,1
31114,1
31210,1
34075,1
11448,1
40954,1
39310,1
39866,1
42059,1
38089,1
40635,1
39895,1
13808,1
8345,1
44233,1
39820,1
41907,1
38769,1
15318,1
42363,1
30131,1
43685,1
34681,1
38765,1
33785,1
35309,1
38922,1
44298,1
19683,1
16210,1
28941,1
9104,1
32728,1
43726,1
27443,1
26926,1
19243,1
34109,1
41695,1
45202,1
43801,1
18490,1
7348,1
25965,1
36272,1
39484,1
5276,1
42392,1
40557,1
43658,1
38501,1
21620,1
43179,1
34494,1
43707,1
270,1
18126,1
3314,1
7763,1
44386,1
43204,1
41995,1
24936,1
11115,1
42058,1
39788,1
38311,1
43036,1
35956,1
39773,1
44778,1
17794,1
43294,1
